{
  "n_train": 48040,
  "n_val": 10891,
  "n_test": 17412,
  "family_counts": {
    "STANDING": 17457,
    "GUARD": 30015,
    "TOP_PIN": 13551,
    "TURTLE": 8820,
    "BACK_CTRL": 6500
  },
  "split": {
    "test_videos": [
      "04",
      "07"
    ],
    "val_videos": [
      "05",
      "14"
    ]
  },
  "results": {
    "LogisticRegression": {
      "val_acc": 0.9316867138003856,
      "val_f1": 0.5164907673934573,
      "test_acc": 0.791810245807489,
      "test_f1": 0.6298947220642062,
      "top3_acc": 0.9920744314266023
    },
    "RandomForest": {
      "val_acc": 0.6468643834358645,
      "val_f1": 0.2813670821700076,
      "test_acc": 0.38565357224902364,
      "test_f1": 0.22720804889304444,
      "top3_acc": 0.7023891569032851
    },
    "HistGradientBoosting": {
      "val_acc": 0.8383068588742999,
      "val_f1": 0.4435762169664189,
      "test_acc": 0.4826556397886515,
      "test_f1": 0.29350849460178935,
      "top3_acc": 0.6571330117160579
    },
    "MLP": {
      "val_acc": 0.9000091818933064,
      "val_f1": 0.5010277664649747,
      "test_acc": 0.6980243510222834,
      "test_f1": 0.5359626569623601,
      "top3_acc": 0.9848954743854813
    }
  },
  "best_model": "LogisticRegression"
}